<?xml version="1.0" encoding="windows-1252"?>
<Collection name="Html Import" guid="{aa255960-cf4d-4a6e-a792-89a3d499a98f}" system="No" updatable="Yes" blockNavigatorNode="No" onInstallAddonGuid="">
	<HelpLink></HelpLink>
	<Help></Help>
	<Addon name="Html Import" guid="{81c8e16a-c661-4c59-921c-998c6acaa6bc}" type="Tool">
		<DotNetClass><![CDATA[Contensive.Addons.HtmlImport.Views.HtmlImportClass]]></DotNetClass>
		<AsAjax>No</AsAjax>
		<Filter>No</Filter>
		<Icon Link="" width="50" height="50" sprites="0" />
		<InIframe>No</InIframe>
		<BlockEditTools>Yes</BlockEditTools>
		<IsInline>No</IsInline>
		<javascriptForceHead>No</javascriptForceHead>
		<JSHeadScriptSrc><![CDATA[/htmlImport/script.js]]></JSHeadScriptSrc>
		<Content>No</Content>
		<Template>No</Template>
		<Email>No</Email>
		<Admin>No</Admin>
		<OnPageEndEvent>No</OnPageEndEvent>
		<OnPageStartEvent>No</OnPageStartEvent>
		<OnBodyStart>No</OnBodyStart>
		<OnBodyEnd>No</OnBodyEnd>
		<RemoteMethod>No</RemoteMethod>
		<Diagnostic>No</Diagnostic>
		<ProcessRunOnce>No</ProcessRunOnce>
		<ProcessInterval>0</ProcessInterval>
		<styleslinkhref><![CDATA[/htmlImport/styles.css]]></styleslinkhref>
		<Scripting Language="VBScript" EntryPoint="" Timeout="5000"/>
	</Addon>
	<Layout name="Html Import" guid="{d682f552-fdec-4e25-a160-705c3381428d}" ><![CDATA[
		<div class="">
		<h2>Html Import</h2>
		<p>Upload html file.</p>
		<div class="custom-file">
		<input type="file" class="custom-file-input" id="customFile">
			<label class="custom-file-label" for="customFile">Choose file</label>
		</div>
		<div class="">
		<button class="btn btn-primary" type="submit" name="button">Upload Html File</button>
		</div>
		</div>]]>
	</Layout>
	<Resource name="script.js" type="www" path="htmlImport" />
	<Resource name="styles.css" type="www" path="/htmlImport" />
	<Resource name="CPBase.dll" type="executable" path="" />
	<Resource name="ContensiveDbModels.dll" type="executable" path="" />
	<Resource name="HtmlAgilityPack.dll" type="executable" path="" />
	<Resource name="HtmlImport.dll" type="executable" path="" />
	<Resource name="Newtonsoft.Json.dll" type="executable" path="" />
	<Resource name="Nustache.Core.dll" type="executable" path="" />
</Collection>